timestamp,post_age_hrs,views,views_delta,upvotes,upvote_ratio,comments,subreddit,notes
2026-01-07T15:00:00,3,3200,713,12,83.3,8,r/tailwindcss,Initial tracking
2026-01-07T16:00:00,4,3800,111,16,86.4,11,r/tailwindcss,Hour 4 spike 1161 views
2026-01-07T17:00:00,5,4000,337,17,87.0,11,r/tailwindcss,
2026-01-07T17:30:00,5,4700,160,18,87.5,13,r/tailwindcss,Hour 5 spike 904 views
2026-01-07T18:00:00,6,4900,267,19,88.0,13,r/tailwindcss,Almost 5K
2026-01-07T18:30:00,6,5000,427,20,88.5,13,r/tailwindcss,Hit 5K milestone
2026-01-07T18:45:00,6,5100,498,20,88.5,13,r/tailwindcss,Hour 6 still climbing
2026-01-07T19:00:00,7,5800,468,24,90.0,13,r/tailwindcss,#1 post of all time + #1 on r/tailwindcss today
2026-01-07T20:00:00,8,6200,37,26,90.6,13,r/tailwindcss,Hour 7 hit 853 views
2026-01-07T22:00:00,9,8100,943,34,92.5,21,r/tailwindcss,Still #1 - Hour 8: 959 views Hour 9: 943 views
